{
  "methodology": {
    "fit_window_predictor_year_end": 2019,
    "winsor_q": 0.01,
    "pca_k": 3,
    "pca_evr": [
      0.577342539912664,
      0.18228264996613097,
      0.12846987867418344
    ],
    "pca_omega": [
      0.6500909197180429,
      0.20525128043232352,
      0.14465779984963364
    ],
    "x_cols": [
      "X1_ROA",
      "X2_ROE",
      "X3_ROC",
      "X4_EPS",
      "X5_NPM"
    ]
  }
}