{
  "methodology": {
    "fit_window_predictor_year_end": 2018,
    "winsor_q": 0.01,
    "pca_k": 3,
    "pca_evr": [
      0.5759447793153785,
      0.18405836142593252,
      0.12735198232949868
    ],
    "pca_omega": [
      0.6490578172606312,
      0.207423563171613,
      0.14351861956775583
    ],
    "x_cols": [
      "X1_ROA",
      "X2_ROE",
      "X3_ROC",
      "X4_EPS",
      "X5_NPM"
    ]
  }
}